Species,Light,Nitrogen,Humidity,Temperature,GrowthRate
A.edulis,86.69713101349771,1.951584022655152,94.970258702524,19.127434997353703,40.40543012440583
A.edulis,74.31687478907406,2.6980970163829627,90.64541302388534,17.02207726193592,41.13918066002855
A.edulis,38.25835163705051,1.3297925399616362,50.23973038303666,28.89233048656024,45.2435920724858
A.edulis,20.423542817588896,4.726023813383653,82.57053777109832,24.645975910825655,35.44407819027196
B.badius,61.750366075430065,2.2436925275251274,68.30338837695308,24.066667043371126,50.1632393616122
B.badius,84.82347298413515,3.5352273572934796,51.03132995427586,19.543541504535824,49.08243364957784
B.badius,56.830578211229295,0.9616546705598013,67.89202607935295,18.226792115019634,38.34099389781899
A.edulis,72.46099257608876,1.2856766312848777,57.98913654522039,27.295743845170364,38.218635816253446
C.comatus,54.991359054110944,0.21604759618639946,61.409650769783184,23.499045360367745,39.200328760444094
C.comatus,41.87443588394672,1.7109781385865064,91.11401420668699,28.567912298021838,34.617918602278
A.edulis,96.83237431105226,2.124147985200398,66.86900517903268,24.024535064818338,51.06606535581132
A.edulis,93.0035128747113,0.6328973229043185,63.48943159566261,18.0111737921834,45.06159745695392
B.badius,28.413343597203493,4.275056074932218,84.69842117629014,27.286921602208167,41.75730407979727
B.badius,95.94126394717023,0.1443936991505325,50.6442500196863,24.845501492964104,39.14481297424734
B.badius,88.65935491397977,4.851841291063465,58.5940748732537,21.565090755466372,59.524403634195345
C.comatus,72.76103482814506,4.042768791969865,94.96877347119153,17.065869629150257,41.54228949073638
C.comatus,56.13344063516706,2.5550946218427275,50.83853435236961,15.315109299262986,32.82713189632125
A.edulis,53.2734863855876,4.6774777815444395,82.30465497006662,25.624367957934737,46.724109193185356
A.edulis,28.162083078641444,2.3924758913926785,74.18089548358694,16.452866544714198,31.614797040877857
C.comatus,19.020641890820116,2.6037862994475294,67.61598232667893,16.263047342654318,35.695268895857325
A.edulis,52.53299871692434,4.177886804006993,72.46732976171188,17.934797698399052,39.98934673287345
C.comatus,38.09616832761094,0.887183028459549,94.54668702092022,29.780007975641638,38.440064735460524
A.edulis,79.51593746198341,2.6546714721946048,72.26481851772405,24.97564088087529,49.6799395883047
A.edulis,91.09666011994705,2.2244770568795507,93.95054056541994,29.823213550262153,42.24516676917393
B.badius,40.170635571703315,1.7259086138801651,83.65653554559685,20.818271921016276,37.34712245193993
C.comatus,84.15498217567801,2.295316379470751,80.80272056860849,27.208988674683496,51.452794131583275
B.badius,29.802957384381443,0.3017200652975589,72.26361509645358,19.04228865285404,31.62733018142073
A.edulis,78.95113645354286,1.292483848682605,52.45327842072584,22.16238187509589,26.74855952113733
B.badius,60.46370659722015,0.6055313138756901,85.15127257443964,17.986288462998345,34.84781164834521
B.badius,48.11099839862436,1.8793416442582387,65.58304604026489,26.191856421064585,48.30988723974472
C.comatus,85.47128094360232,3.3229359594872223,50.997951958561316,23.416123091010377,44.914514617306395
C.comatus,35.85885287960991,2.1826943200780082,78.02485443535261,18.23747930699028,32.923709067229886
B.badius,52.364863061811775,0.4537437171675265,55.832983400905505,17.95896958792582,35.25824845347017
B.badius,80.27600800152868,3.4669918380910536,58.093169699423015,15.865424891235307,51.87707948542811
B.badius,17.44451535632834,4.278651537490077,78.63710510428064,20.180162731558084,42.01911477581592
B.badius,45.50657952204347,4.349366008955985,57.59295625262894,24.330777222057804,52.29891357092732
A.edulis,18.60952666029334,0.5365011112997309,66.2937023374252,17.60421940125525,29.38349549070545
A.edulis,21.999991238117218,0.16388675491325558,59.941602715989575,15.088444277644157,19.238663336500668
B.badius,29.90135602420196,2.1739547435892748,87.24258599802852,16.23794846353121,38.17880999388332
B.badius,34.670758694410324,4.868966408073902,50.16392329824157,17.85009691840969,43.54923214447792
C.comatus,36.915332472417504,2.5454336295602844,57.08821451407857,27.453867292497307,41.83971876204988
C.comatus,43.73080952791497,4.973797761811875,92.17419198947027,20.963228578912094,39.029955322901216
A.edulis,54.2307243286632,2.5249209268018604,84.44467725697905,16.4075444242917,45.83122714353722
A.edulis,89.07423611264676,0.702874446567148,86.9734931900166,28.347702675964683,50.72237519706161
B.badius,77.3856845870614,2.845890231593512,61.33104922133498,22.936628011520952,45.46611096215935
B.badius,95.96674208296463,1.2725333815673368,55.29000754817389,27.388168105389923,46.32182474821207
B.badius,39.87281917594373,3.6537275858689102,55.978051126003265,19.27431579097174,39.83572884505371
B.badius,84.1746516735293,3.9515342363156383,68.8712010870222,26.67267163284123,55.57799312175956
B.badius,21.93988450570032,2.30393123945687,66.46426296094432,17.173875281587243,34.607737366610245
C.comatus,21.222716842312366,2.398491603881121,56.51480477768928,18.406153233954683,32.97089142793402
B.badius,75.52987406030297,2.069114116858691,73.39328954345547,24.034549968782812,38.84767510571433
A.edulis,59.35787456808612,4.521640009083785,83.56056698714383,28.38461922481656,51.63167274652132
B.badius,64.76656715152785,2.8620732077630238,54.94024371029809,24.68213742482476,48.46709895026555
C.comatus,21.065203049220145,3.485883714607917,66.63211143109947,21.489744933787733,29.690892333354952
B.badius,88.8791229040362,1.7281437610508876,60.009433592204005,28.455068925395608,52.12417130691588
B.badius,85.81139340763912,0.5648341207299382,90.36382867605425,29.183519405778497,48.95092570938218
B.badius,14.16140321874991,4.695728738885373,54.785695204045624,24.412419117288664,45.00402424482893
A.edulis,73.63164957379922,3.3879934126045557,87.75498142000288,16.245270415674895,43.653030499701686
A.edulis,58.1311949621886,0.17347104877699168,88.04162835353054,21.67403317987919,36.40393637838702
A.edulis,95.0911510642618,0.6542574651539326,51.211243440629914,20.424011929426342,40.73263177685196
C.comatus,92.08269811468199,4.254175201966428,84.44066930329427,29.93058363092132,53.604191800833824
A.edulis,51.03806648403406,2.2894152651075275,62.36713576945476,22.49023381853476,44.638319662311325
B.badius,78.89684307388961,2.069213907630183,56.79106822004542,18.866313794860616,45.13221752796717
A.edulis,55.45401215553284,2.217849590419792,54.44139969884418,25.8665889990516,39.94800797037448
A.edulis,28.229363462887704,3.35166162790265,82.01095142751001,17.36829350469634,41.79717395508739
A.edulis,74.54248500755057,0.9936096928780899,70.52979341591708,19.73186215851456,42.51482938817031
C.comatus,79.1269267979078,4.207859923806973,67.96116647077724,19.444283108459786,44.10946989403134
C.comatus,73.57393407262862,4.595127577660605,77.7178868977353,25.192092895740643,46.348120277460225
A.edulis,27.246172255836427,4.011675209901296,55.97465493599884,21.840604534372687,36.31289621877154
A.edulis,36.81098209461197,2.5649757803883406,53.628872307017446,15.290802115341648,27.664539861737428
B.badius,39.261813974007964,1.3468515355605635,79.84375437139533,25.888353078626096,32.9602062019641
A.edulis,61.46886113565415,3.369502635230311,85.7093404524494,19.906016048043966,45.12034973187546
B.badius,89.42423729458824,4.711386936460622,66.80148955667391,24.91857465589419,57.62160640460374
B.badius,88.93930387916043,4.9057290435303,85.94992178725079,20.325934047577903,60.73129459407875
B.badius,44.72672834061086,0.3562566420296207,86.47785795968957,21.86835150467232,38.02755101599461
A.edulis,76.39949393691495,1.9737821545684713,88.90773369814269,23.77477818634361,45.75986114270835
B.badius,81.6687427693978,4.0502701752353465,69.02374391909689,17.93765024514869,49.34084352309416
A.edulis,75.17453146865591,2.784649725002237,54.3142481346149,18.884325076360255,36.98746404571014
B.badius,44.68947300221771,1.5918761557666588,89.71673571388237,28.052969224518165,48.882031938438
C.comatus,36.833705434110016,2.0712936500320214,62.990141740301624,16.789025282487273,37.08855957511049
A.edulis,15.1724037155509,0.2352193532511592,63.72986999806017,27.303605909692124,21.151254152419014
A.edulis,70.63236678251997,4.260069067240693,86.72473286744207,23.58276238082908,53.889153312020504
C.comatus,27.81927342293784,0.2520651430357248,76.40997829963453,18.516245421487838,19.14085087360502
B.badius,66.25971091678366,3.2962299746461214,79.82320082373917,23.610306662740186,50.39552331245719
B.badius,22.4364556488581,3.0245214134920393,78.99882957222871,26.308335412759334,42.568780502875235
C.comatus,43.577066857833415,1.6317940866807479,60.27213921188377,16.543185253394768,32.076860543903734
A.edulis,38.268084954470396,4.935859491606243,77.44636299205013,25.10513564804569,52.45386585104772
A.edulis,83.36664098547772,4.161742001352832,71.88546414137818,16.69780340977013,40.657307760734604
B.badius,43.14862872706726,3.077817857521586,76.10086109722033,27.78059579897672,47.07367036282474
C.comatus,49.56797135993838,0.776751915505156,86.57024045707658,20.984272775240242,47.35261231118146
B.badius,49.51522247167304,4.367543094954454,72.26668769260868,23.39207024895586,43.44775063497008
A.edulis,64.16454571532086,2.9277299405774104,53.69149549631402,22.28238545008935,39.10070133773712
A.edulis,46.35162426624447,4.015945596410893,70.87099661701359,16.903814852703363,40.79077757466475
A.edulis,96.24864528886974,0.23816140980925413,76.926730069099,27.578414980089292,43.78709111542001
A.edulis,97.36911673098803,1.356152927852236,91.12452837172896,26.83301892131567,43.98003416981231
A.edulis,92.30752208968624,3.8081578759476544,52.16111471760087,24.952823852654546,49.02490801508316
B.badius,17.458633750211447,4.166746694105678,86.8142923398409,18.49631304270588,49.12864535378708
C.comatus,52.91736498940736,2.666190018993803,53.94401721889153,29.306318499147892,42.382807517785814
A.edulis,40.52217393182218,3.225894192210399,62.193557451246306,25.514638078166172,42.880782174941096
B.badius,70.60922325821593,2.4907374679110945,88.13354501617141,23.775126258842647,51.20554744847003
A.edulis,67.28373506804928,2.9510091302450747,91.3418856530916,29.293251890921965,50.19447917600701
C.comatus,87.33503030613065,0.5918131112353877,53.69186612311751,28.677729143528268,44.361676853774675
B.badius,95.34559823572636,4.223908446147107,75.09042350808159,16.16961879422888,54.08605854158033
A.edulis,61.65703593054786,2.0722199863987045,51.9228126318194,16.013318641344085,32.52464492023175
A.edulis,58.174214996397495,3.885762607608922,61.740009736968204,29.1126825066749,47.73540805025451
B.badius,94.75249985931441,4.762143466970883,58.4583911288064,17.509288382716477,50.35976001642084
A.edulis,90.3119636955671,1.4007980108959601,75.53377291886136,28.679968536598608,46.33282798429468
A.edulis,46.92757048178464,4.163557741837576,52.95566747430712,17.524763960391283,39.200468484395884
C.comatus,14.502767268568277,3.302939359005541,69.68968463828787,19.477618656819686,34.715854536898355
B.badius,80.04423651844263,4.012723898887635,74.88961389521137,15.577913601882756,45.08278988425665
C.comatus,93.336525070481,1.0121421279851348,74.30903571425006,21.0120241495315,39.84298694289465
B.badius,43.972948712762445,3.798067116737366,61.45217282464728,24.192287453915924,42.71022266108874
B.badius,32.04288951586932,3.7060098054585984,57.43304253206588,18.696068736026064,41.1158216178732
A.edulis,17.887231765780598,3.7837501683272423,82.75014850310981,15.34542161040008,38.479089798193165
C.comatus,45.19976471317932,1.7298109739320355,59.27710371557623,19.263212657533586,35.766959052196086
A.edulis,26.430528273340315,0.3819882587296889,76.39094867627136,27.193390253232792,37.01859886386691
A.edulis,22.02623061835766,3.404635692830198,91.10956899006851,25.783775778254494,43.405048644552295
A.edulis,33.17166220629588,0.30369384824298323,59.313497027615085,22.94365115580149,30.884288130942526
C.comatus,59.792234303895384,3.2534588563954463,87.43177208001725,17.765058658551425,46.974896383728314
C.comatus,23.326234882697463,1.5680620839586483,63.90089358552359,25.074331930372864,39.89391617251028
A.edulis,96.66071417042986,2.0278122944757344,58.47901163739152,21.367879804456607,37.193496657470995
B.badius,95.00705909682438,4.625170884933323,73.35251228651032,23.42498138663359,62.96742651019979
B.badius,99.30572147015482,3.4281671893550087,58.281602918868884,21.64182571345009,57.80514764296077
C.comatus,73.55895135784522,3.615976910083555,60.092514880234376,28.996022416977212,54.09398296816253
B.badius,22.6700520189479,3.6139694429468365,93.09136322000995,21.922993320040405,40.31446739119788
C.comatus,10.808436174411327,1.2180430887965488,58.6901450518053,24.434752153465524,42.47193224425544
C.comatus,71.78459847113118,2.102992306277156,93.73422528035007,23.579872824484482,30.58206349422047
B.badius,71.30963725736365,2.8984584182733673,91.8824984272942,25.261413917178288,51.65096791094897
A.edulis,92.57597942370921,4.409305729623884,59.83419815078378,29.17229520273395,55.28270495597587
A.edulis,46.75790927838534,3.0139223315985877,66.16633349331096,15.506837099092081,36.368701978714704
B.badius,48.01954510854557,4.59891121420078,54.33827101485804,19.88812848343514,52.400009640660485
A.edulis,58.35880736587569,1.8217802590923386,89.02884023380466,27.07000322523527,42.82577954096038
B.badius,47.22818167647347,1.3445431970059873,94.80417643557303,18.20012379437685,36.0678538253928
C.comatus,18.788019267376512,3.5991465790895747,75.74513697181828,20.91889582341537,44.9125139151349
B.badius,44.22408763086423,1.1705053933663296,76.58644689712673,26.78853839286603,40.89916182486869
B.badius,27.82005197601393,2.2724917022045705,81.51492736069486,15.328902234323323,40.78407361323908
B.badius,75.25218037189916,3.511442141514272,75.83322354475968,24.72303858026862,49.64278354838367
B.badius,10.990813688840717,3.4001702962443234,57.347665273118764,23.62478356459178,36.229493596658415
B.badius,92.69719840260223,0.9846419549081475,73.86551627656445,23.89802108053118,44.47159848339701
C.comatus,91.02058607153594,3.685551364766434,72.46417435235344,23.892950895242393,44.995219065997944
B.badius,77.8738478012383,1.7001586143393073,91.39858568669297,25.841037783538923,51.937533552682574
C.comatus,95.67296335473657,1.8268804974388333,70.36366386455484,26.283538327552378,38.7310752792938
B.badius,66.30283830221742,3.966066598123871,69.07909538829699,16.184778803726658,43.49752238443952
B.badius,69.0355469007045,1.8862316397717225,53.46707310876809,25.937285487307236,46.792115129312755
C.comatus,44.32380558224395,1.4874885799828919,91.74971286207438,27.84264121670276,31.041981243754904
B.badius,15.904507176019251,1.3770360129652546,64.08902957220562,25.684496046742424,35.039043484816595
B.badius,72.17927653808147,0.23190690407063813,68.57061626389623,25.12584038078785,40.98944979192502
A.edulis,21.473548060748726,3.315834211627953,67.76536398683675,29.647180850151926,48.11078464554724
A.edulis,36.21866667177528,3.759221525047906,81.19723169947974,27.43915853672661,43.20222197526382
B.badius,66.89988017547876,3.192612988199108,76.64867706946097,29.209221701603383,50.4334291919022
B.badius,45.10215979767963,0.36713868710212416,56.780855908291414,19.121209013974294,31.95029833849688
A.edulis,16.338309389539063,2.683695836388506,65.4090883990284,23.61192329088226,37.81435518145222
C.comatus,87.72156378254294,0.5300851267995313,75.545649593696,15.491129398578778,34.67408221712418
A.edulis,44.66711863409728,1.4244088925886902,84.19727060128935,21.656436634948477,33.292482070734785
B.badius,70.36841203924268,0.10623538817744703,89.82770111062564,19.709756600204855,38.8218641136099
B.badius,11.90766720334068,3.5619203054113315,83.2417133974377,18.413869858486578,46.16709459768494
B.badius,63.57058846624568,4.005693750898354,69.57947415765375,17.733658481156453,56.73761621682092
B.badius,34.86170450458303,0.7580350918229669,50.92105785617605,27.493697279132903,35.580702088738924
C.comatus,45.9214214514941,3.035739347850904,90.50729552051052,29.803261418128386,45.52503548891998
C.comatus,23.123388655949384,1.8601470754947516,55.626722344895825,17.845393989700824,29.132060345094438
B.badius,84.1673555620946,3.4225163419730964,94.85628126887605,20.094485990703106,61.969689529905665
A.edulis,22.636889438144863,1.8930573472520338,52.90802837233059,21.914301499491557,35.63107760118546
B.badius,91.81427636183798,4.024344173655845,87.20979272387922,21.219314890913665,46.91218746991205
A.edulis,90.99323302973062,4.93644834945444,66.020106341457,27.689706824021414,53.433645234029896
B.badius,27.31143285287544,2.4679774471791465,68.0823351687286,27.8415622911416,32.36179661494589
A.edulis,57.90612374199554,0.4856372728245333,93.5189073998481,21.773808805737644,35.240853960376455
A.edulis,56.99122664751485,0.7588297774782404,74.22934388974681,25.98727745586075,41.05010151862821
A.edulis,24.43021578947082,4.482244428992272,78.37074642069638,25.13949749758467,39.12710361894076
C.comatus,56.76103159086779,3.5963782576611267,64.94761842419393,26.243213249836117,39.25974309736821
B.badius,30.205315831117332,4.3834194839466365,54.631472596665844,29.388357445131987,56.38572904965918
B.badius,35.33607913181186,4.5284968668827785,94.33948196354322,29.936656655045226,48.748054998178006
B.badius,55.331882189493626,2.4387697976315397,80.12335458653979,29.705309132114053,54.01383342202313
A.edulis,24.306458393111825,0.42721506918314844,50.06949337432161,23.489498068811372,30.246205737983853
A.edulis,92.85676653729752,3.627407326945104,66.46492059458978,28.740008318563923,56.90910276418626
C.comatus,54.91265136981383,1.4324522313894705,73.95055622677319,29.57432055613026,46.03166748045814
B.badius,65.38096694042906,1.7002437072806063,74.98952457797714,29.4514150719624,54.082612450625
B.badius,76.95377892581746,1.9867431719554591,74.47324787382968,24.002151688328013,54.4082138541333
C.comatus,65.51363897277042,1.7204770269105214,74.73935480695218,17.94086757232435,39.17288600387028
C.comatus,93.71269413502887,0.5830435412703082,76.30301103927195,16.084192958660424,38.52208689338636
A.edulis,17.234061944764107,2.9477760034846145,52.82121728407219,21.114671506220475,29.849887506005118
C.comatus,12.53090719692409,3.8053412090055647,52.683710182318464,15.194480053614825,27.475039637194968
B.badius,58.737562184687704,2.633320337114856,90.38087698514573,29.839724090415984,48.14258624433009
A.edulis,31.708231198135763,1.4451763995690272,76.35148570174351,26.1307750409469,35.295645001088644
C.comatus,68.03537697531283,2.2786270976765084,87.12233983329497,27.064750709105283,39.993316260941285
C.comatus,43.996311926748604,4.488470764365047,75.84934548591264,17.38255250849761,46.7082276837432
B.badius,14.216831801459193,4.61428462092299,65.0913155823946,27.268056257162243,43.88867495861129
C.comatus,14.332644934765995,2.6545484669972215,90.31624595285393,22.751094640698284,37.707224819277535
A.edulis,96.65584231493995,3.8527286415686834,53.09835888794623,28.425672749290243,57.276465692724045
A.edulis,30.382007544394583,3.856935457652435,81.48618552135304,29.433292059693485,39.00825778429899
A.edulis,11.025421267841011,4.207325523113832,52.46115119662136,26.481287931092083,45.253961163569556
B.badius,29.662807437125593,4.709673481830396,89.0452444460243,24.536594320088625,39.75682806218888
A.edulis,15.034381179139018,2.1716487061697993,87.03082732507028,29.301317953504622,38.9211168268827
C.comatus,31.147493212483823,3.06320585613139,57.61206088354811,20.80528279300779,44.703539948716845
B.badius,46.24266430269927,1.1789693322032693,86.71669451752678,18.735813768580556,41.954239197934704
C.comatus,11.287399244029075,4.310073681036011,70.27236865716986,15.407117530703545,40.41490213416952
A.edulis,42.55868515232578,4.64569458453916,61.339560750639066,20.270226811990142,40.75599484859579
A.edulis,62.60497658280656,2.958848664001562,75.92117967433296,18.175011140992865,42.64273748118884
A.edulis,64.5214364444837,3.328340189531446,80.7634989824146,19.712235153419897,49.08942625935826
A.edulis,33.73467518715188,0.42001150893047456,77.3272628954146,19.236550787463784,23.15912641920474
A.edulis,70.76338093727827,1.2982830628054218,80.27445649611764,19.412465466884896,43.23778253168644
B.badius,94.22255943762138,2.59378864094615,60.97546782926656,26.29616051330231,46.06508411780909
C.comatus,10.32322657527402,2.623221526783891,92.88158369250596,21.313345012022182,32.224995133872824
C.comatus,80.82740573910996,3.8419503860175612,91.87037639319897,25.28421718161553,63.99937369182915
C.comatus,82.62398322112858,1.412472419952974,81.48020826047286,29.253208487061784,47.88495722972539
A.edulis,16.573454609606415,3.469930460629985,62.16556782484986,22.583556189201772,36.8416500880783
A.edulis,61.029937327839434,2.8328551626065748,93.80089798709378,17.843358779791743,46.158608772300596
A.edulis,58.527176142670214,2.2117853669915353,52.39535453496501,23.57279073446989,38.60155233191676
B.badius,22.39076396683231,4.3184837160399185,76.94202910643071,25.10090248310007,50.82066323608434
C.comatus,34.86993840429932,0.6471785871777683,79.53522413270548,20.79939294490032,29.825508102032025
C.comatus,41.665915611665696,1.6498947081388908,84.7699296020437,29.50061540468596,28.41225291940424
A.edulis,83.15247126854956,3.7308475789148363,83.60746508697048,22.68085625837557,51.54815297733146
C.comatus,25.43872132897377,2.778398745693267,87.87226867862046,15.553245346527547,31.76383956968609
B.badius,56.90458834171295,0.9805980185745284,87.23514399956912,24.105955433333293,40.02420622484505
C.comatus,78.81605581846088,3.4399782735155897,71.09865270089358,27.249054671265185,49.340789182636186
B.badius,35.988008263520896,0.6160537966061383,57.740350312087685,25.100119686685503,44.39619463593275
C.comatus,49.31004844373092,1.5140561635838823,94.23322171671316,17.347817433765158,36.801553117826586
C.comatus,70.25056820129976,3.6478651321725923,68.08800279162824,29.49295903556049,53.84099500210158
A.edulis,13.323140398133546,0.3224166751839221,84.47726950165816,28.860027389600873,34.7649197462575
A.edulis,60.458171418868005,0.633233692497015,54.14076386136003,16.995959663763642,32.6814368125864
A.edulis,93.91449134564027,2.1463772389106457,90.29329521232285,26.829459368018433,51.8113042365084
C.comatus,49.116024274844676,3.0229759576963264,86.0395378479734,28.948017542716116,44.52073530526381
B.badius,94.2609355202876,1.0663075807970017,78.32019366440363,24.6767834527418,42.345903214263195
A.edulis,98.04723652312532,2.5554190933005887,78.61847106483765,26.23579409904778,51.16033958221312
C.comatus,70.90860598022118,4.1411369907902555,90.58192394208163,21.880041364347562,37.139750452823776
C.comatus,36.84420058270916,0.5510666678659618,86.88106378540397,15.917001175694168,24.55133796215338
A.edulis,28.742805512156337,2.4050042463233696,72.45204630424269,15.501165851019323,32.60191208875432
A.edulis,38.70067860232666,4.416603610175661,82.7823785028886,20.86307888617739,42.82177353673849
A.edulis,86.8937471602112,2.235070608975366,85.14301233459264,17.822789872298017,40.80601185213496
B.badius,15.49539161613211,1.4556135737337175,62.22846431657672,18.968433978734538,39.22974475046014
A.edulis,26.384149505756795,0.37995950295589864,82.1561425132677,18.009500111220405,22.86198916046166
A.edulis,53.545294092036784,4.436137989396229,75.70802715374157,17.63114797999151,30.87296609460149
B.badius,40.44552167877555,0.8246386521728709,90.11735175154172,28.44366442761384,46.17070349802971
C.comatus,83.20264282636344,1.6551692691631616,51.267612252850085,15.930572828510776,38.20009662611225
A.edulis,88.33892320049927,3.43501832226757,80.55490544182248,21.166981329442933,47.624683589202355
B.badius,11.724515096284449,1.48486907936167,81.16245384211652,19.659255881560966,33.14491358505916
B.badius,84.22733639832586,2.1812363519100475,75.69680579705164,21.460659673903137,40.25798212064019
B.badius,46.11416457220912,2.4889687700662764,87.51660107867792,19.974758505122736,38.983718026767065
B.badius,70.48524594167247,1.2829365452518688,63.26638733968139,18.57349323690869,44.408733072961866
C.comatus,20.68049940513447,1.8647366341203453,58.57639156165533,20.59712087851949,32.01774532550733
B.badius,52.87819055141881,0.4388580883387476,57.60929835494608,22.360458543989807,31.214445169543154
C.comatus,93.28059673774987,1.8674066319363194,50.73524191742763,15.294691604794934,42.76927696150147
B.badius,61.73554075183347,4.91659786477685,55.15986699727364,15.442678310209885,53.42135532079033
A.edulis,92.14764216914773,1.0313083792105318,52.875541624380276,25.058630844578147,41.415998737000656
A.edulis,77.97717317705974,4.372272680560127,86.24500208883546,27.368226820835844,52.72782494502243
C.comatus,66.78999317344278,0.6516644521150738,55.97729762434028,26.584085494978353,45.11010200224328
C.comatus,81.49785854155198,1.0510353681165725,54.0603234176524,26.501490032533184,43.30573956674306
A.edulis,93.11918160878122,3.677767248777673,90.17123676487245,26.776977268746123,58.997605100629215
B.badius,24.80219287564978,1.4242147153476254,83.02303930860944,28.766798651777208,41.30213830434454
A.edulis,27.359554993454367,1.129307746118866,72.56250913254917,26.69354431098327,41.86419332368776
B.badius,18.78783989464864,2.954417840344832,62.447378085926175,21.30883914534934,40.07979904874081
A.edulis,84.61984558496624,0.5132665376411751,54.855325151002035,23.691865283763036,43.410217636097855
B.badius,82.52775620669127,2.4123386632418264,88.11618271050975,26.96548971813172,50.78083984660845
A.edulis,35.13429876882583,1.5983220105292277,81.98562733014114,28.934931247495115,33.246844556896576
C.comatus,50.412662115413696,4.464442672161385,86.23632172704674,16.699699913151562,48.624917013515756
B.badius,66.32908365456387,1.1367640444776046,50.65305834170431,17.85586841753684,51.30026201132773
C.comatus,43.38292745873332,2.653025624388829,61.41317910049111,26.567497743526474,39.19153324151421
B.badius,44.40870535559952,0.16939092746470125,68.11000915360637,16.64978401386179,41.244151692991835
B.badius,92.3032788769342,2.681401308067143,64.9222441506572,24.39854096621275,51.150533780511495
B.badius,45.12679792009294,1.9891935203224422,89.020177872153,24.48385992203839,49.04700469306026
C.comatus,16.326438351534307,0.10751585862599314,57.87414806545712,27.999279184732586,24.71890129074023
A.edulis,73.67559497011825,2.875279030785896,66.48342864355072,25.054947281023487,46.90705280199825
C.comatus,72.36971325241029,2.2943470163270834,51.250659675570205,27.700444132788107,40.332947619210174
A.edulis,18.653256117831916,3.1178392037516462,90.68576821009628,18.41516626998782,29.132817653428592
C.comatus,13.321290658786893,0.34604486159514636,87.84842027816921,16.99833334889263,29.203037923098268
B.badius,46.08461088268086,3.298449051519856,93.36645245202817,22.719006979605183,55.88409870114049
A.edulis,11.038350269664079,1.6827617272268982,77.7183290431276,25.240630108164623,29.26773439897945
B.badius,61.11019143136218,0.8764108343515545,55.46464756014757,24.40154422307387,37.35038514467333
B.badius,95.04549332894385,1.1381839885842058,91.64139108615927,29.581367026548833,46.68155597370867
B.badius,40.89719595387578,1.9243455013027417,55.607065178919584,24.718605671077967,39.75656708423535
A.edulis,32.00484518893063,3.4010712391231213,75.02357906661928,19.389803231460974,41.77825614266155
C.comatus,58.75092796748504,0.8675532439723611,58.11074493685737,27.14454317232594,41.454248822139306
B.badius,20.593394017778337,2.078456128691323,94.47300753556192,26.63006496964954,44.5778314878394
B.badius,43.74176096636802,1.3866102694533766,81.56763230683282,27.370352366706356,47.282589312306044
A.edulis,39.476000517606735,1.8130367625737565,61.461189216934144,23.354146897327155,33.766254944776946
C.comatus,95.24851760827005,0.654533086833544,85.91735129361041,15.11361432611011,37.24000174005753
C.comatus,91.95174210937694,1.5375123752281072,66.84325422276743,21.977011975832283,46.14621663807441
B.badius,78.62002439331263,0.7473479484440759,89.90127018536441,29.37008025124669,46.80726449801297
C.comatus,78.22674245806411,2.345177458110266,56.144149475730956,26.470962959574535,40.004119826955126
A.edulis,99.8641750938259,3.704507779167034,90.63990902621299,25.137089376803488,46.30543901762459
C.comatus,62.236126428470016,0.36386086789425465,90.6056664371863,27.544918453786522,52.21767729989763
C.comatus,29.195576328784227,2.02379144935403,88.65394255728461,19.26324994652532,26.01645762069196
A.edulis,22.01967085711658,4.22361017933581,73.93539877026342,19.6579807496164,39.6461247438673
B.badius,81.30540845217183,2.0496065902989358,87.18530795886181,16.987585517344996,55.869260876094366
B.badius,98.37152535794303,2.33621355232317,92.07942869630642,23.93899875925854,57.52539465099537
A.edulis,98.38439132785425,4.794912339281291,75.41997290914878,27.259264859603718,55.61629513685798
B.badius,21.289912757929415,3.901880565588363,67.75312234298326,26.60069027566351,49.25377575425735
C.comatus,65.64566295826808,2.4359187927795576,58.42548981192522,24.428707076003775,51.215015060750844
A.edulis,87.23681238014251,4.924391674739309,89.75748027092777,16.60114441299811,51.5952822004354
B.badius,22.544878227636218,1.5484977101208643,60.52415179670788,27.892547857481986,37.154268822151415
C.comatus,42.992246930953115,0.9885631336132065,92.49470678856596,28.914114186773077,45.75578359615804
A.edulis,24.141720447223634,3.885518197854981,79.61968507152051,22.13928243960254,49.67340539685239
A.edulis,50.305585083551705,4.366541206743568,57.17895663110539,17.677404665155336,37.42033707820869
B.badius,53.72871213592589,1.633885259460658,92.92389555019327,21.057026563212276,46.72945447740849
C.comatus,95.51827363437042,4.579898576578126,56.98887170525268,29.6059612557292,56.366597472808486
A.edulis,91.42784920986742,4.584036504640244,93.01973378052935,29.812509566545486,60.53173491216687
B.badius,94.61482316022739,4.056742186727933,79.3555812665727,23.018603310920298,59.47301991244393
B.badius,79.61439129663631,1.828901316178963,51.2168802076485,15.313133003655821,42.54370766046966
C.comatus,18.298988714814186,3.410308163124137,69.02964334352873,19.228204325772822,38.23261236319224
C.comatus,11.461908665951341,1.4175947774900126,59.09634720883332,24.78104644920677,25.2647683889001
B.badius,40.01586282858625,4.792878586496227,77.90213964297436,28.91854802845046,46.713296461006045
A.edulis,31.766778309829533,0.6947530106408522,91.4931413915474,24.747182128485292,37.40126969826356
C.comatus,81.28636464243755,1.6825752999167891,75.95683316816576,23.136518367100507,43.03695895445817
B.badius,54.67483339132741,3.1810525338165467,56.46377743803896,25.04338403348811,47.43117829175245
A.edulis,56.24911812832579,1.285454528965056,66.4288153895177,29.331622783793136,31.9007235728173
A.edulis,16.51616907911375,4.650852391193621,52.39892993005924,25.674388690385967,39.03963342330331
A.edulis,41.0625189775601,3.004727254714817,55.200468318071216,20.0980664184317,38.943641990380605
B.badius,78.06924471631646,1.8684918664162982,82.65577696962282,20.86676972103305,44.450421411929916
C.comatus,44.66071410570294,3.0809556143824013,57.566597105469555,19.514816586161032,38.984132172326014
B.badius,10.62289359048009,3.0553568451665343,93.13020654139109,28.173765018582344,46.427383644353824
C.comatus,74.6595307206735,4.41691574882716,52.720672719879076,21.2063609843608,47.001381127565956
B.badius,60.127239904832095,3.1897291559493173,93.80634973407723,15.105876163579524,47.96949456826186
C.comatus,16.307436388451606,4.34277570748236,72.14850985677913,16.22368035488762,35.978386008300774
C.comatus,41.303487797267735,4.620323092630133,81.63144980208017,18.153697337256745,41.62314946694348
A.edulis,47.17049991246313,2.8870160770369697,82.57240270264447,25.05905991070904,41.12424134092707
B.badius,38.04896790301427,3.7584152424475183,84.38605649978854,21.788706245133653,50.29068401116627
A.edulis,76.3811171380803,2.0206194424303248,89.57421575207263,21.4198863634374,46.81300678315578
C.comatus,44.9506255495362,0.7932943011401221,82.05314593855292,23.472388631198555,46.63872378128751
B.badius,65.74818503344432,4.7310815851204095,61.025359641062096,15.697111543267965,45.038758476009654
A.edulis,66.11871410394087,1.290367460390553,72.17531367437914,24.867072673514485,36.293924317207704
C.comatus,82.21710979938507,0.2090038296300918,84.0941939689219,25.55598756414838,43.163026946067916
B.badius,68.86611435562372,1.2161921171005816,50.016806533094496,26.080486709252,52.70790383565707
A.edulis,71.15078062051907,1.2586920470930638,53.772507208632305,23.31941377487965,44.930266355550025
A.edulis,46.96793410228565,2.8258273716550324,84.94622736587189,15.985665754415095,35.42428838415503
A.edulis,69.69278282485902,3.347259119502269,63.20851907832548,23.586699919542298,42.058315377233136
B.badius,12.440599985420704,2.5422839528881016,65.65166511922143,22.54590151947923,47.53048722883029
B.badius,83.4336068178527,0.6663092147326097,79.21029339078814,21.824079930083826,52.100757551902376
A.edulis,16.753850118257105,3.2533463894156744,87.96779114170931,25.498787361430004,40.49353788409077
C.comatus,91.08687630156055,3.17303732088767,53.108361379709095,21.12190239946358,54.901954155375925
A.edulis,16.374451129231602,1.351853108033538,61.94022863521241,28.614536543609574,33.8760725488113
C.comatus,27.20110450172797,1.2551983056589964,81.96441321517341,18.472924291854724,27.09094157490837
B.badius,79.9236323311925,1.831315030064434,52.29809769894928,21.821853410219774,45.755270678511806
C.comatus,28.282015330623835,1.6053029847331346,65.09663711651228,26.86568469274789,36.145490888737704
A.edulis,46.338805947452784,3.8767358775250615,90.20654239924625,29.176594563759863,39.88179743706511
B.badius,50.15625653322786,1.2191633479902522,60.261343037709594,26.665296172723174,41.66915397847054
B.badius,64.5665921876207,2.355608488689177,75.7383955118712,20.83729025325738,43.86434373227121
B.badius,61.88011684687808,4.206330201751553,58.59703578054905,27.841352781979367,56.207970402469314
B.badius,15.355608984827995,1.3566664004232736,94.98934576287866,22.201526704011485,34.56742903298855
C.comatus,26.439857645891607,2.3558344585588205,72.5832339329645,17.200144117232412,35.67381636649911
A.edulis,36.65094956057146,4.187907230854035,86.9026780105196,23.454656994435936,46.815281724638396
C.comatus,43.84711775928736,1.7183219654019923,78.66942594293505,17.39808046608232,32.96792405099249
A.edulis,74.17863476322964,2.5763820073800163,88.37588064139709,19.615498840576038,42.86494836547945
C.comatus,21.26337273977697,3.881168952118606,80.91975977527909,26.850774949416518,54.21196469059214
A.edulis,48.63100915681571,0.9804969990858808,84.98813984682783,26.444777984870598,45.44809392233476
B.badius,12.733933466952294,4.964487892854959,56.59926007967442,27.61166000040248,56.213156695437576
B.badius,50.87518024723977,4.786057471018284,62.29064782266505,16.337783415801823,48.563429699744546
C.comatus,81.48773144232109,2.634692534664646,61.71894944040105,19.835729466285557,38.932154947869115
C.comatus,52.41488466737792,0.694776768120937,65.99890340585262,22.46622839709744,37.33523961658826
B.badius,31.275064961519092,2.8589749455451967,61.74188110162504,17.792861197376624,40.581948147448294
A.edulis,89.83315150020644,0.28352099130861463,88.49246446974576,19.41617195494473,56.3815423645664
B.badius,21.335750662256032,4.774971132609062,83.06866626138799,24.332441868027672,39.18545247599249
A.edulis,34.23802590696141,0.15941443780902775,88.44406747608446,19.382460603956133,28.7132183540237
C.comatus,89.42123324144632,2.9255051239859315,83.04374918923713,16.635200501186773,52.07806408959553
C.comatus,77.54678396973759,3.738335323077627,82.40197889273986,28.12838215031661,40.53873158366629
B.badius,18.79236473934725,1.0244695060886444,94.25026736455038,25.38562218658626,36.999344360404876
C.comatus,83.40103143127635,1.5556661292910579,57.2867314144969,27.804759156424552,45.614208930937664
C.comatus,87.25537259597331,2.290234596980736,84.47809453238733,29.308832968818024,47.73914293320048
B.badius,20.544156979303807,2.0180719923228025,92.92861501220614,29.174721997696906,38.710772256877206
A.edulis,22.365744614508003,3.3195125743746763,61.96582348900847,15.299924116116017,33.450451556325774
B.badius,59.34312977362424,3.108350984845311,53.862690650857985,20.939523830311373,53.08206098558696
B.badius,15.312668515834957,3.671157824038528,60.30165886040777,18.968069264665246,34.067835374622014
C.comatus,54.59709620568901,1.6701292097102853,64.9593285296578,22.69385667750612,44.86902544777006
A.edulis,10.667577076237649,0.8065636078827083,92.83095539431088,26.420919365482405,36.44207956511393
B.badius,86.34639002382755,0.36416389897931367,94.54845133819617,15.905714681139216,35.54129051552492
C.comatus,15.647169861476868,4.779969271062873,69.73221257096156,28.99506552494131,37.16732491005573
B.badius,83.78605788340792,0.22544460822828116,81.49564479244873,20.23412436596118,42.60878034928172
A.edulis,58.542426470667124,4.611739381821826,90.00846300274134,21.17696840199642,49.13698769421428
B.badius,54.91180890472606,1.8966572500765326,87.53717629355378,29.417197164148092,53.94324095191829
B.badius,12.000458873808384,3.5221234801458197,83.04896571906283,22.966093708528206,42.814187552513225
A.edulis,59.868382113054395,2.889826499996707,79.11064883344807,20.0776791467797,43.745966801878325
A.edulis,74.79078426258639,1.491654568887316,87.9295220435597,24.46132100885734,48.766950364370395
B.badius,31.21437063673511,0.15571260165888817,57.18385632499121,16.826081487815827,37.27497288614249
C.comatus,83.06917130714282,2.164722894178704,66.36678023263812,28.46203001216054,50.634366666743276
C.comatus,47.93265073560178,3.1100332092959437,62.37916289945133,22.750629333313555,42.633855375309864
B.badius,60.841949575114995,0.12330132254865021,55.615753513993695,27.141978627769276,42.75272545077027
B.badius,23.652170614805073,3.3516365424497057,75.45321270823479,28.405613468494266,52.59130050319521
B.badius,27.53131919540465,0.6667003324022517,80.29581003356725,20.69362225360237,41.00242925865769
A.edulis,25.01047327881679,4.521243442618288,50.07664085365832,15.859291513916105,37.44120441942262
B.badius,85.15986149432138,0.5948940698755906,86.0414550092537,20.185981773538515,45.77667464098582
A.edulis,19.997055931016803,2.870535742188804,58.92092895810492,20.99725691601634,43.5186020220612
C.comatus,34.12630959646776,1.332015198026784,80.00354475225322,24.097338292049244,42.520673479547725
A.edulis,81.86328732874244,2.9478599099209535,85.44804389355704,25.200706652831286,43.10959004344713
B.badius,36.90364673733711,4.7673661560518665,92.84816619707271,18.104120360221714,55.77312234163034
B.badius,88.08118772460148,3.6636661347467454,67.22049098461866,29.64013685937971,56.95499123889192
C.comatus,13.548092239070684,2.0824059922946616,73.6869956634473,15.413429089821875,21.80164713256061
C.comatus,40.584115902893245,2.512585580861196,67.4759351729881,19.036160482792184,42.979631925396546
B.badius,37.86364859202877,3.39348771320656,55.92774201068096,19.535554106114432,43.84651335985384
A.edulis,21.650831683073193,2.394337914697826,86.34732883423567,29.03507689246908,44.10077336690122
B.badius,43.64510364597663,1.5491359083214777,80.88123596156947,24.093845839379355,51.980722960714175
B.badius,51.84690660331398,2.7762211029417814,63.18943290854804,19.98818179825321,49.65862503470463
C.comatus,14.194736999925226,3.7016255395719786,68.89770289417356,23.39492791215889,36.60846863532708
C.comatus,98.87645793147385,3.880909584416077,83.08674743049778,17.268993866164237,48.58841612398349
A.edulis,91.76070973509923,4.090526814525947,88.24195604887791,21.86111660907045,46.44268084428434
B.badius,98.14511320088059,1.732329840678722,53.485906490823254,16.924906997010112,41.9469645949125
B.badius,25.342499238904566,4.467098373733461,62.77389145689085,15.923857984598726,45.750948184753625
A.edulis,13.846093665342778,1.6126466461224482,54.94167450116947,21.187620173441246,28.75936050540047
C.comatus,22.85491275601089,3.5239670510170984,59.98726391931996,23.199523645453155,41.89053757801728
B.badius,42.4522757390514,1.0480270772008227,52.11747200228274,22.36587863881141,42.46278326033398
C.comatus,58.997849468141794,4.885867236857303,52.73947167326696,24.0742543945089,49.998696217824445
A.edulis,94.36569566838443,0.9285536475945264,74.01335882022977,20.600771913304925,38.94834089762043
B.badius,67.1993979299441,0.9350909088738263,54.42348159966059,29.68220700742677,37.95781005228102
B.badius,53.62718784250319,3.1776429840363565,68.82558689569123,27.804771264782175,50.493812982022526
C.comatus,17.7306604757905,3.697558124130592,55.43313808972016,15.119632536079735,28.89466352960308
A.edulis,95.04218683578074,4.701654885080643,91.63988198735751,23.627484859898686,57.9869235662341
A.edulis,41.20423946296796,3.864651432889514,50.433328290237114,17.306421571411192,42.813694418624074
B.badius,43.241160097531974,0.9149074041983113,71.75012902123854,21.867893437156454,40.332420187466965
A.edulis,66.17338686948642,1.473446254990995,84.07510244520381,24.448922647861764,35.58399911759585
B.badius,75.46652428572997,2.183801957825199,91.04416874004528,19.1010384040419,43.19842570491404
A.edulis,27.813529807608575,4.202738142409362,84.98611790128052,16.58935224520974,36.86670436757536
C.comatus,62.98436800716445,0.8423731569899247,93.83567312033847,16.462274871300906,35.63382448925104
A.edulis,85.86074502673,3.3626835139933977,57.29363616439514,29.47470818180591,62.35171341153906
C.comatus,99.94411290623248,4.1086102407891305,64.02807813254185,15.375559036619961,43.603287247709815
C.comatus,11.029442443978041,3.40072957132943,69.79353781207465,28.44977212836966,28.786929119329326
A.edulis,83.91986650181934,1.9398369447328152,79.30194949149154,23.767456272616982,43.6543161725479
B.badius,28.506144382990897,4.433246265747584,81.07694916776381,24.93795614107512,44.90226433579859
A.edulis,20.24243660736829,2.898060255730525,58.95883481600322,22.651597067015246,25.142086989030688
C.comatus,71.92770972382277,2.4027440593345095,85.98410662496462,18.707768116146326,37.2789381451269
A.edulis,34.56651874817908,3.216843410301954,84.63829327956773,28.708156751235947,41.553604338216594
B.badius,84.0852891234681,3.7289299564436083,79.67070549610071,23.58448631130159,49.06437310782475
B.badius,67.99567619571462,0.8148002260597423,56.305600584018975,24.21765322331339,46.14615805171129
B.badius,57.51120528206229,2.0913760736119005,80.0722412171308,23.026034283684567,49.955639744264744
C.comatus,12.578587129246444,2.345617857947946,56.855036065680906,26.8100653658621,33.54740046052023
A.edulis,35.84530353313312,2.8354005465982484,76.00454549654387,26.469373743748292,33.509981655057324
A.edulis,13.202517561148852,2.107480741594918,77.61336102383211,22.74519936530851,36.526943287120645
A.edulis,90.80811582738534,4.990785787301138,56.782609067158774,19.555711692664772,46.936187600103814
C.comatus,21.787204283755273,3.7763477738015356,74.12804340361618,18.098791369702667,33.2033341358373
B.badius,14.629967992659658,1.023399885557592,75.71634925203398,21.63448104285635,35.61328691442238
B.badius,42.755187053699046,0.6328369902679697,77.1610766928643,24.209316184278578,34.39377074872104
C.comatus,72.59327047038823,3.7446927969111132,87.86105721257627,24.77728274418041,47.43134115572865
C.comatus,90.3078218200244,0.6638779690954835,73.74373183352873,24.494873554212973,37.617555969996296
C.comatus,31.984857555944473,4.989319671038539,61.052537008654326,25.821178302867338,47.690322183767385
B.badius,45.276975724846125,3.9127985606202857,63.43368253088556,18.102780279004946,41.52148678221205
B.badius,65.81394165055826,2.100096895336174,88.07665548869409,20.809449953958392,41.7621400303539
A.edulis,60.80472795292735,1.4633431755239146,70.16914585488848,22.32798396376893,33.37374577269839
C.comatus,13.726141401566565,4.787809773418121,81.38282304513268,19.649507836438715,40.371493867748065
A.edulis,52.68191372510046,1.347206824203022,92.6330409955699,29.659380469238386,47.47999464288104
A.edulis,95.42847101343796,0.6885203970596194,75.78883560490794,27.334632166894153,39.392197128195605
B.badius,31.62982105044648,2.7704514145385475,72.17875654110685,16.94089205469936,41.22571756282065
A.edulis,71.03275319794193,3.400289347185754,72.37661455059424,22.069371890975162,42.22871269623065
B.badius,92.20889657270163,1.9342318028910088,54.21514705987647,28.942705155350268,46.37356058884391
C.comatus,14.102337351068854,0.8208679839037359,93.14140701666474,17.18227753532119,33.281818163403855
A.edulis,22.278441812377423,4.848129383311607,58.96302021457814,21.15277617238462,38.564556910423654
C.comatus,19.031880975235254,0.4392602929845453,73.9781008369755,16.231890897033736,34.091464168557565
B.badius,46.86891534831375,3.0516982297413056,56.087198592722416,28.963067441945896,45.03638341416134
B.badius,97.2953060688451,1.0548549135448413,60.83177931490354,27.275155669776723,52.723010969437986
B.badius,42.758618604857475,2.864451882103458,58.28162615769543,17.993990258546546,47.471685950370556
C.comatus,75.24112721905112,0.8232504744548351,79.72505350480787,24.39985057571903,50.64570211965373
C.comatus,73.2413392746821,4.138053701352328,54.66376882395707,22.104167350335047,43.0307750659627
C.comatus,12.233314011245966,1.7146769525716083,62.611205390421674,24.50560949044302,32.74442225513499
B.badius,95.13986863428727,2.4328852076316254,50.19447462284006,24.332826576428488,55.924895168389476
A.edulis,58.01423581317067,1.0299395449459554,60.1456813653931,28.334186661522835,36.45799789152049
C.comatus,72.66782494261861,2.6452395095955583,83.67229541996494,21.827665673336014,46.90760719710162
B.badius,14.073175243102014,2.5259484252659608,51.28231798764318,28.640280438121408,39.419821835024194
B.badius,92.49142860993743,0.794151205290109,83.54238818981685,26.174523808294907,42.85385395763528
A.edulis,12.955979888793081,3.791075822222047,77.94729190762155,26.371538874227554,29.213900683631802
C.comatus,79.95675168232992,0.15353166179265829,68.04776868200861,21.506092763738707,39.18274041591295
A.edulis,57.3527598194778,0.9720135753275827,65.42025380651467,15.525304338661954,30.843083982746514
B.badius,33.9509695279412,0.6570135941030458,60.55677886819467,28.29966407152824,47.83074433477062
C.comatus,55.444247133564204,2.7298448669491338,84.37572155031376,20.096273417584598,35.191204913900215
A.edulis,57.92457304429263,2.772579949675128,59.375466878991574,23.514897893182933,39.29025000039609
C.comatus,17.818321289960295,0.20251584709621967,60.11523425928317,15.563796615460888,28.104617222516097
B.badius,92.40412867860869,0.8385889967903495,79.47299844468944,26.33494614972733,47.21246558090656
A.edulis,60.76074362266809,2.8260538651840763,72.35146451392211,28.113169519929215,47.70673071374605
B.badius,15.330747358966619,3.797186564630829,76.5328298532404,16.768509530229494,47.6659871603618
B.badius,70.54531248286366,3.3405756112188105,69.4750632729847,18.69846932007931,59.31058948632115
A.edulis,66.45904099801555,3.8524173129349952,79.85108318272978,18.827160119544715,45.189177863450354
C.comatus,16.556987795047462,0.7999259682837874,78.08943552197888,15.123470613034442,22.159055930547574
A.edulis,49.393454876262695,2.9716154539491986,72.5868524319958,27.930525335250422,38.49539483596989
B.badius,67.7386671374552,3.5656173556111757,63.413257928332314,21.166140446439385,46.87872141172141
B.badius,82.89725384209305,2.158453439618461,82.9416434536688,25.418232902884483,48.633598495771494
B.badius,45.25776748312637,4.95539616397582,87.97121006762609,19.78598893387243,44.89142080771501
C.comatus,79.60805254522711,0.5214889850700275,80.00665309722535,21.689213229110464,41.33957909530577
A.edulis,88.60556126339361,2.7906650895252825,72.71156077622436,27.113376636989415,55.974574760810484
C.comatus,65.6481804838404,1.955554006644525,82.02580005279742,21.850311151938513,38.52384154332703
A.edulis,42.196076561231166,1.999830594332889,93.90396179514937,20.08738773758523,31.866127897361984
C.comatus,93.90310130314901,1.694015745026991,81.051760878181085,26.622683296445757,40.16195673064902
B.badius,77.02563664643094,4.982637354964391,94.79553975397721,29.639243858400732,64.91191453881602
B.badius,15.72111924411729,3.757399669499137,92.82794689876027,21.171780929435045,44.015267814653185
C.comatus,19.738315695431083,3.9209708029171457,84.26768797566183,25.159990133251995,31.99276547128385
A.edulis,83.69001024169847,4.532883324380964,56.556713696336374,22.948122209636495,49.83527241330488
C.comatus,81.37692442163825,3.3669524744153025,57.8853663103655,16.92832398810424,43.66746828212923
C.comatus,15.139633261132985,3.4899602296296512,92.04189227079041,15.748298051767051,30.99817759383766
C.comatus,91.68585558887571,4.7357401846442375,71.59065254265442,15.558037395821884,43.2119833651631
A.edulis,74.94747522519901,0.7350352830020711,66.60999742452987,29.429537955438718,39.22756601365439
C.comatus,91.24362952075899,4.757776391715742,64.64332897798158,20.206103146774694,47.78349196914186
C.comatus,58.21428386727348,4.76793059357442,71.33425998385064,26.672284580999985,46.56688772308117
B.badius,41.368540208786726,0.5304781166370959,91.89533859142102,18.325163618428633,25.03894816758513
A.edulis,84.99640398891643,4.234800842334517,73.95401498768479,26.960651383269578,51.88522504244568
B.badius,81.12960920203477,3.809901527129114,91.24343374627642,20.2793230174575,58.044427107585776
C.comatus,57.826815431471914,2.98333180709742,64.71495912992395,15.425404632696882,44.35428031147552
C.comatus,80.08470753207803,1.5945125207304955,63.68697948521003,24.66277829837054,52.683744244937046
A.edulis,15.25230519240722,0.16700772386975588,50.239742547273636,22.375319553539157,27.814965706210906
A.edulis,51.229938368778676,1.683642752794549,71.71368711511604,18.990964045515284,30.556566246511565
B.badius,12.009793631732464,0.9324788752477616,66.97246842668392,20.11941127362661,35.518945909743806
C.comatus,76.5900200442411,1.171929282601923,56.1932396737393,16.033103512600064,41.329729710038265
B.badius,73.51633769925684,2.416057180054486,73.24271477176808,16.26526547013782,54.50291482078016
A.edulis,10.513600299600512,0.13934594083111734,86.14829244441353,29.20975937275216,34.96363967947716
B.badius,52.3677898128517,3.906137749948539,51.85082164942287,26.49778233608231,57.50623301625547
C.comatus,63.65553067298606,3.9779640815220776,82.10123917204328,29.38395653734915,52.47511158130565
A.edulis,35.559423323720694,0.6831938796676695,81.89688279875554,28.37134363828227,29.276503053634528
C.comatus,14.969736149068922,1.0487647090805696,90.29726262902841,29.87719550030306,30.538349405147784
